{
    "iterations": 35.0,
    "Norm": [
        0.660326178645,
        0.373294608488,
        0.07842442785,
        -0.177751749683,
        -0.361494593575,
        -0.599986570189,
        -0.865667521524,
        -1.139140361953,
        -1.424945749799,
        -1.717336242309,
        -2.012804359311,
        -1.85119839712,
        -2.150427715295,
        -2.451029468526,
        -2.751912533701,
        -3.052881995907,
        -3.353884626041,
        -3.654901633367,
        -3.955925305348,
        -4.256952181449,
        -4.557980627865,
        -4.85900985153,
        -5.160039461851,
        -5.461069265038,
        -5.76209916445,
        -6.063129111991,
        -6.364159083457,
        -6.665189067543,
        -6.96621905698,
        -7.267249048145,
        -7.56827904302,
        -7.869309043571,
        -8.170339044817,
        -8.471369018557,
        -8.772399024665,
        -9.073429017112
    ]
}