{
  "x1": 1.5,
  "x2": 2.09,
  "y1_data": 0.8718,
  "y2_data": 0.72538,
  "y3_data": 0.121,
  "y4_data": 0.09283,
  "is_empty": 0
}
