,min,max
x1,0.0191187876843468,62.73487896404794
x2,19.048885185044107,279.33451663720217
x3,0.026751561048588,99.83903908555568
x4,1.0669855349218604,199.980194156776
y1,1.000166758307634,1.493775104811393
y2,0.0021139750505407,99.73749090713592
y3,0.7112404734438211,199.57758288955435
y4,0.0005247014339724,95.19227160693112
y5,0.0001150349155556,89.46353846808749
