,mean,std
x1,17.475393908304074,13.251911840242034
x2,145.38738132130746,45.06793456540659
x3,59.80737258505936,27.655715833836556
x4,138.54998353470037,46.065000179832374
y1,1.2081584199183855,0.1308047767591777
y2,41.43318191701797,27.317161959680185
y3,121.42959331259355,43.752058595913645
y4,18.374190668041397,19.54645935652415
y5,17.120390222106835,17.684048122255778
