{
    "lambda_1": 0.784000000124,
    "lambda_2": 0.882000000011,
    "lambda_3": 0.720000000189,
    "mu_1": 1.05e-10,
    "mu_10": -1.12e-10,
    "mu_11": -2e-12,
    "mu_12": 0.198017127201,
    "mu_13": 1.6e-11,
    "mu_14": -4.13e-10,
    "mu_15": 0.10362565879,
    "mu_16": -1.4e-11,
    "mu_17": -8e-12,
    "mu_18": 0.149907374097,
    "mu_19": 0.03154498178,
    "mu_2": -3e-12,
    "mu_20": -3.5e-11,
    "mu_21": -3.4e-11,
    "mu_22": 0.248985146579,
    "mu_23": -3.6e-11,
    "mu_24": 0.322206667395,
    "mu_25": -4e-12,
    "mu_26": 0.252359865788,
    "mu_3": 4e-12,
    "mu_4": 0.126179932883,
    "mu_5": 7e-12,
    "mu_6": 1e-11,
    "mu_7": 5e-12,
    "mu_8": 9e-12,
    "mu_9": -3e-12,
    "s_1": -5e-11,
    "s_10": 0.01999999999,
    "s_11": 1.9e-11,
    "s_12": -1.2e-11,
    "s_13": 1.7e-11,
    "s_14": 3.9e-11,
    "s_15": 2e-12,
    "s_16": 3.1e-11,
    "s_17": 1.9e-11,
    "s_18": 4e-12,
    "s_19": -1.31e-10,
    "s_2": 3.05e-10,
    "s_20": 1.58e-10,
    "s_21": 1.36e-10,
    "s_22": -1.08e-10,
    "s_23": 1.51e-10,
    "s_24": -1.24e-10,
    "s_25": 9e-11,
    "s_26": -6.6e-11,
    "s_3": 0.999999999827,
    "s_4": 0.0,
    "s_5": 0.899999999993,
    "s_6": 0.100000000029,
    "s_7": 0.800000000123,
    "s_8": 0.199999999901,
    "s_9": 0.980000000016,
    "x1": 0.899999999979,
    "x2": 0.80000000011,
    "x3": 0.980000000014,
    "y1": 0.999999999985,
    "y2": -1.1e-11,
    "y3": -1.9e-11,
    "y4": 1.5e-11,
    "y5": 1.000000000176,
    "y6": 1.04e-10,
    "y7": 0.99999999988,
    "y8": 0.999999999934
}